Full Name,Screen Name,Workday ID,Barcode,Status,Position,Badge,Team,Shift,Set,Phone,Email,Start Date,Games,Languages,Gender,Team Manager
Nutsa Iashvili,Nutsa I.,E20146,E20146,Employed,Game Presenter,,Team Three,Night,Set 2,+995 533 40 93 07,nutsa.iashvili145@example.com,2025-04-19,"Game Show, Poker",English,Male,Luka Chkheidze
Levan Gogoladze,Levan G.,E20128,E20128,Employed,Game Presenter,,Team Three,Night,Set 2,+995 550 32 41 15,levan.gogoladze127@example.com,2025-04-26,"Roulette, Baccarat",English,Female,Luka Chkheidze
Giorgi Maisuradze,Giorgi M.,E20170,E20170,Employed,Shuffler,,Shufflers,Afternoon,Set 1,+995 545 33 48 95,giorgi.maisuradze169@example.com,2026-02-14,,English,Male,Mariami Beridze
Irakli Gelashvili,Irakli G.,E20009,E20009,Employed,Game Presenter,Premium,Team Three,Morning,Set 1,+995 586 04 79 56,irakli.gelashvili8@example.com,2026-04-15,"Game Show, Blackjack","English, Russian",Male,Luka Chkheidze
Beka Chikovani,Beka C.,E20028,E20028,Employed,Game Presenter,,Team Three,Morning,Set 2,+995 569 92 88 34,beka.chikovani27@example.com,2024-02-01,"Game Show, Roulette","English, Russian",Female,Luka Chkheidze
Levan Gabunia,Levan G.,E20032,E20032,Employed,Game Presenter,Premium,Team One,Morning,Set 2,+995 526 77 18 61,levan.gabunia31@example.com,2026-09-09,"Game Show, Roulette","English, Georgian",Male,Mariami Beridze
Dali Tsiklauri,Dali T.,E20060,E20060,Employed,Game Presenter,,Team One,Afternoon,Set 1,+995 583 54 11 54,dali.tsiklauri59@example.com,2025-01-27,"Blackjack, Baccarat",English,Female,Mariami Beridze
Mzia Kapanadze,Mzia K.,E20153,E20153,Employed,Shuffler,,Shufflers,Morning,Set 1,+995 546 92 70 26,mzia.kapanadze152@example.com,2026-02-04,,Georgian,Female,Mariami Beridze
Sandro Tsiklauri,Sandro T.,E20068,E20068,Employed,Game Presenter,Beginner,Team Three,Afternoon,Set 1,+995 534 72 50 91,sandro.tsiklauri67@example.com,2024-04-05,"Game Show, Baccarat","English, Russian",Female,Luka Chkheidze
Beka Sulaberidze,Beka S.,E20168,E20168,Employed,Shuffler,,Shufflers,Afternoon,Set 1,+995 572 99 60 04,beka.sulaberidze167@example.com,2026-06-01,,"English, Georgian",Male,Mariami Beridze
Maka Chikovani,Maka C.,E20098,E20098,Employed,Game Presenter,Premium,Team Two,Afternoon,Set 2,+995 559 16 59 13,maka.chikovani97@example.com,2024-09-09,"Blackjack, Baccarat","English, Russian",Male,Luka Chkheidze
Davit Kvaratskhelia,Davit K.,E20008,E20008,Employed,Game Presenter,,Team Two,Morning,Set 1,+995 548 01 28 61,davit.kvaratskhelia7@example.com,2025-09-05,"Game Show, Roulette",English,Male,Luka Chkheidze
Nino Chikovani,Nino C.,E20046,E20046,Employed,Game Presenter,,Team Three,Morning,Set 2,+995 563 75 16 52,nino.chikovani45@example.com,2024-03-03,"Game Show, Poker",English,Female,Luka Chkheidze
Vakhtang Iashvili,Vakhtang I.,E20034,E20034,Employed,Game Presenter,,Team Three,Morning,Set 2,+995 538 84 73 90,vakhtang.iashvili33@example.com,2026-03-25,"Game Show, Roulette","English, Georgian",Male,Luka Chkheidze
Zura Khutsishvili,Zura K.,E20104,E20104,Employed,Game Presenter,,Team One,Night,Set 1,+995 579 30 12 27,zura.khutsishvili103@example.com,2024-01-04,"Baccarat, Roulette",English,Female,Mariami Beridze
Tinatin Nozadze,Tinatin N.,E20173,E20173,Employed,Shuffler,,Shufflers,Afternoon,Set 1,+995 557 95 49 94,tinatin.nozadze172@example.com,2025-06-24,,"English, Russian",Female,Mariami Beridze
Lasha Khutsishvili,Lasha K.,E20181,E20181,Employed,Shuffler,,Shufflers,Afternoon,Set 2,+995 569 33 33 19,lasha.khutsishvili180@example.com,2024-06-13,,"English, Russian",Male,Mariami Beridze
Otar Lomidze,Otar L.,E20073,E20073,Employed,Game Presenter,,Team Two,Afternoon,Set 1,+995 555 39 96 58,otar.lomidze72@example.com,2024-03-26,"Baccarat, Blackjack","English, Georgian",Male,Luka Chkheidze
Archil Iashvili,Archil I.,E20015,E20015,Employed,Game Presenter,,Team Three,Morning,Set 1,+995 596 26 60 31,archil.iashvili14@example.com,2025-04-11,"Game Show, Roulette",English,Male,Luka Chkheidze
Elene Sulaberidze,Elene S.,E20162,E20162,Employed,Shuffler,,Shufflers,Morning,Set 2,+995 585 61 34 19,elene.sulaberidze161@example.com,2024-08-23,,"English, Georgian",Female,Mariami Beridze
Nutsa Kobakhidze,Nutsa K.,E20019,E20019,Employed,Game Presenter,Beginner,Team One,Morning,Set 1,+995 522 12 46 31,nutsa.kobakhidze18@example.com,2025-01-28,"Game Show, Blackjack","English, Georgian",Female,Mariami Beridze
Beka Chkheidze,Beka C.,E20200,E20200,Employed,Shuffler,,Shufflers,Morning,Set 1,+995 558 25 09 66,beka.chkheidze199@example.com,2026-06-12,,Georgian,Female,Mariami Beridze
Diana Kapanadze,Diana K.,E20074,E20074,Employed,Game Presenter,Premium,Team Three,Afternoon,Set 1,+995 511 32 04 03,diana.kapanadze73@example.com,2025-01-13,"Poker, Baccarat",Georgian,Female,Luka Chkheidze
Shota Kapanadze,Shota K.,E20085,E20085,Employed,Game Presenter,,Team One,Afternoon,Set 2,+995 531 67 93 29,shota.kapanadze84@example.com,2026-09-15,"Blackjack, Roulette","English, Russian",Male,Mariami Beridze
Elene Tsiklauri,Elene T.,E20114,E20114,Employed,Game Presenter,Premium,Team Two,Night,Set 1,+995 571 64 28 24,elene.tsiklauri113@example.com,2024-06-17,"Baccarat, Roulette",Georgian,Female,Luka Chkheidze
Revaz Sulaberidze,Revaz S.,E20169,E20169,Employed,Shuffler,,Shufflers,Afternoon,Set 1,+995 551 88 37 66,revaz.sulaberidze168@example.com,2026-07-18,,Georgian,Male,Mariami Beridze
Nino Meskhi,Nino M.,E20021,E20021,Employed,Game Presenter,,Team Three,Morning,Set 1,+995 531 56 19 32,nino.meskhi20@example.com,2024-05-04,"Poker, Game Show","English, Georgian",Male,Luka Chkheidze
Ketevan Chikovani,Ketevan C.,E20053,E20053,Employed,Game Presenter,,Team Three,Afternoon,Set 1,+995 511 97 95 74,ketevan.chikovani52@example.com,2025-06-05,"Roulette, Baccarat",Georgian,Male,Luka Chkheidze
Tamar Meskhi,Tamar M.,E20076,E20076,Employed,Game Presenter,,Team One,Afternoon,Set 2,+995 568 34 84 42,tamar.meskhi75@example.com,2025-07-04,"Poker, Roulette",English,Male,Mariami Beridze
Tinatin Javakhishvili,Tinatin J.,E20151,E20151,Employed,Shuffler,,Shufflers,Morning,Set 1,+995 592 27 63 60,tinatin.javakhishvili150@example.com,2026-06-10,,"English, Georgian",Male,Mariami Beridze
Tornike Chikovani,Tornike C.,E20099,E20099,Employed,Game Presenter,,Team Three,Afternoon,Set 2,+995 563 52 45 82,tornike.chikovani98@example.com,2026-02-24,"Blackjack, Roulette",English,Male,Luka Chkheidze
Tinatin Maisuradze,Tinatin M.,E20033,E20033,Employed,Game Presenter,,Team Two,Morning,Set 2,+995 534 69 46 01,tinatin.maisuradze32@example.com,2025-08-02,"Baccarat, Blackjack",English,Male,Luka Chkheidze
Nana Nozadze,Nana N.,E20139,E20139,Employed,Game Presenter,VIP,Team Two,Night,Set 2,+995 556 61 10 65,nana.nozadze138@example.com,2024-05-06,"Roulette, Poker",Georgian,Female,Luka Chkheidze
Luka Gvenetadze,Luka G.,E20091,E20091,Employed,Game Presenter,,Team One,Afternoon,Set 2,+995 569 77 09 54,luka.gvenetadze90@example.com,2024-03-19,"Roulette, Blackjack",English,Male,Mariami Beridze
Tinatin Chikovani,Tinatin C.,E20083,E20083,Employed,Game Presenter,Premium,Team Two,Afternoon,Set 2,+995 528 30 03 39,tinatin.chikovani82@example.com,2024-06-17,"Blackjack, Baccarat",English,Male,Luka Chkheidze
Vakhtang Sulaberidze,Vakhtang S.,E20165,E20165,Employed,Shuffler,,Shufflers,Morning,Set 2,+995 579 77 52 71,vakhtang.sulaberidze164@example.com,2026-06-25,,Georgian,Female,Mariami Beridze
Otar Gelashvili,Otar G.,E20192,E20192,Employed,Shuffler,,Shufflers,Night,Set 2,+995 577 98 72 34,otar.gelashvili191@example.com,2026-04-22,,Georgian,Female,Mariami Beridze
Revaz Lomidze,Revaz L.,E20088,E20088,Employed,Game Presenter,VIP,Team One,Afternoon,Set 2,+995 569 78 41 32,revaz.lomidze87@example.com,2024-08-16,"Poker, Roulette",Georgian,Female,Mariami Beridze
Nutsa Meskhi,Nutsa M.,E20191,E20191,Employed,Shuffler,,Shufflers,Night,Set 2,+995 537 05 20 78,nutsa.meskhi190@example.com,2025-07-26,,Georgian,Male,Mariami Beridze
Otar Mamaladze,Otar M.,E20039,E20039,Employed,Game Presenter,,Team Two,Morning,Set 2,+995 556 39 57 96,otar.mamaladze38@example.com,2025-05-22,"Baccarat, Blackjack","English, Georgian",Female,Luka Chkheidze
Maka Kapanadze,Maka K.,E20051,E20051,Employed,Game Presenter,,Team One,Afternoon,Set 1,+995 591 15 60 24,maka.kapanadze50@example.com,2024-09-23,"Blackjack, Roulette","English, Russian",Female,Mariami Beridze
Dali Abashidze,Dali A.,E20177,E20177,Employed,Shuffler,,Shufflers,Afternoon,Set 2,+995 514 38 94 27,dali.abashidze176@example.com,2026-07-13,,"English, Georgian",Male,Mariami Beridze
Nino Tabatadze,Nino T.,E20058,E20058,Employed,Game Presenter,,Team Two,Afternoon,Set 1,+995 580 35 07 69,nino.tabatadze57@example.com,2026-06-07,"Game Show, Blackjack",Georgian,Male,Luka Chkheidze
Revaz Chikovani,Revaz C.,E20016,E20016,Employed,Game Presenter,,Team One,Morning,Set 1,+995 532 80 75 07,revaz.chikovani15@example.com,2024-09-27,"Poker, Game Show","English, Russian",Male,Mariami Beridze
Tornike Kvaratskhelia,Tornike K.,E20183,E20183,Employed,Shuffler,,Shufflers,Night,Set 1,+995 573 25 95 78,tornike.kvaratskhelia182@example.com,2025-05-13,,"English, Russian",Female,Mariami Beridze
Diana Gvenetadze,Diana G.,E20105,E20105,Employed,Game Presenter,,Team Two,Night,Set 1,+995 560 26 40 99,diana.gvenetadze104@example.com,2024-02-12,"Game Show, Baccarat",Georgian,Female,Luka Chkheidze
Temur Lomidze,Temur L.,E20138,E20138,Employed,Game Presenter,,Team One,Night,Set 2,+995 590 61 12 89,temur.lomidze137@example.com,2025-05-27,"Blackjack, Game Show",Georgian,Male,Mariami Beridze
Salome Gelashvili,Salome G.,E20174,E20174,Employed,Shuffler,,Shufflers,Afternoon,Set 1,+995 572 13 58 26,salome.gelashvili173@example.com,2024-01-22,,"English, Georgian",Female,Mariami Beridze
Shota Tabatadze,Shota T.,E20167,E20167,Employed,Shuffler,,Shufflers,Afternoon,Set 1,+995 526 80 62 52,shota.tabatadze166@example.com,2024-05-21,,Georgian,Male,Mariami Beridze
Ketevan Gabunia,Ketevan G.,E20163,E20163,Employed,Shuffler,,Shufflers,Morning,Set 2,+995 594 41 66 05,ketevan.gabunia162@example.com,2024-09-05,,"English, Georgian",Female,Mariami Beridze
Temur Jorjadze,Temur J.,E20048,E20048,Employed,Game Presenter,,Team Two,Morning,Set 2,+995 575 75 10 71,temur.jorjadze47@example.com,2026-09-02,"Baccarat, Blackjack",Georgian,Male,Luka Chkheidze
Tinatin Tabatadze,Tinatin T.,E20134,E20134,Employed,Game Presenter,,Team Three,Night,Set 2,+995 510 14 54 88,tinatin.tabatadze133@example.com,2025-03-11,"Baccarat, Game Show",Georgian,Female,Luka Chkheidze
Nika Tsiklauri,Nika T.,E20092,E20092,Employed,Game Presenter,,Team Two,Afternoon,Set 2,+995 597 18 36 34,nika.tsiklauri91@example.com,2025-05-01,"Game Show, Baccarat","English, Georgian",Female,Luka Chkheidze
Tornike Lomidze,Tornike L.,E20113,E20113,Employed,Game Presenter,,Team One,Night,Set 1,+995 540 85 44 84,tornike.lomidze112@example.com,2024-03-26,"Blackjack, Roulette","English, Georgian",Male,Mariami Beridze
Gela Gabunia,Gela G.,E20082,E20082,Employed,Game Presenter,Premium,Team One,Afternoon,Set 2,+995 533 89 81 41,gela.gabunia81@example.com,2024-08-15,"Roulette, Blackjack",English,Male,Mariami Beridze
Gocha Tsiklauri,Gocha T.,E20013,E20013,Employed,Game Presenter,,Team One,Morning,Set 1,+995 552 41 72 96,gocha.tsiklauri12@example.com,2025-03-04,"Game Show, Blackjack","English, Russian",Female,Mariami Beridze
Gela Maisuradze,Gela M.,E20178,E20178,Employed,Shuffler,,Shufflers,Afternoon,Set 2,+995 546 64 59 33,gela.maisuradze177@example.com,2024-02-03,,Georgian,Female,Mariami Beridze
Zura Kobakhidze,Zura K.,E20031,E20031,Employed,Game Presenter,Premium,Team Three,Morning,Set 2,+995 572 94 49 71,zura.kobakhidze30@example.com,2025-03-24,"Poker, Roulette","English, Georgian",Male,Luka Chkheidze
Otar Kobakhidze,Otar K.,E20120,E20120,Employed,Game Presenter,Premium,Team Two,Night,Set 1,+995 561 70 90 34,otar.kobakhidze119@example.com,2025-01-17,"Game Show, Baccarat","English, Russian",Female,Luka Chkheidze
Nino Iashvili,Nino I.,E20094,E20094,Employed,Game Presenter,,Team One,Afternoon,Set 2,+995 529 03 29 82,nino.iashvili93@example.com,2025-04-13,"Blackjack, Baccarat","English, Georgian",Female,Mariami Beridze
Nika Iashvili,Nika I.,E20135,E20135,Employed,Game Presenter,Beginner,Team One,Night,Set 2,+995 593 58 94 36,nika.iashvili134@example.com,2026-02-07,"Poker, Roulette","English, Georgian",Male,Mariami Beridze
Levan Kvaratskhelia,Levan K.,E20197,E20197,Employed,Shuffler,,Shufflers,Night,Set 2,+995 521 74 67 59,levan.kvaratskhelia196@example.com,2024-02-15,,"English, Georgian",Male,Mariami Beridze
Beka Mamaladze,Beka M.,E20107,E20107,Employed,Game Presenter,Premium,Team One,Night,Set 1,+995 574 61 68 00,beka.mamaladze106@example.com,2025-09-18,"Roulette, Poker",Georgian,Male,Mariami Beridze
Lasha Gvenetadze,Lasha G.,E20055,E20055,Employed,Game Presenter,Premium,Team Two,Afternoon,Set 1,+995 555 30 88 30,lasha.gvenetadze54@example.com,2024-08-05,"Blackjack, Roulette",Georgian,Male,Luka Chkheidze
Keti Kvaratskhelia,Keti K.,E20111,E20111,Employed,Game Presenter,Beginner,Team Two,Night,Set 1,+995 518 44 27 09,keti.kvaratskhelia110@example.com,2024-09-28,"Roulette, Poker",Georgian,Male,Luka Chkheidze
Temur Meskhi,Temur M.,E20006,E20006,Employed,Game Presenter,,Team Three,Morning,Set 1,+995 551 15 26 71,temur.meskhi5@example.com,2025-07-19,"Baccarat, Blackjack","English, Georgian",Female,Luka Chkheidze
Gela Mamaladze,Gela M.,E20106,E20106,Employed,Game Presenter,Premium,Team Three,Night,Set 1,+995 563 55 02 70,gela.mamaladze105@example.com,2024-08-13,"Baccarat, Poker",Georgian,Male,Luka Chkheidze
Mzia Khutsishvili,Mzia K.,E20195,E20195,Employed,Shuffler,,Shufflers,Night,Set 2,+995 586 68 80 72,mzia.khutsishvili194@example.com,2024-06-06,,English,Male,Mariami Beridze
Sandro Meskhi,Sandro M.,E20118,E20118,Employed,Game Presenter,,Team Three,Night,Set 1,+995 553 32 93 33,sandro.meskhi117@example.com,2024-05-01,"Game Show, Blackjack","English, Russian",Female,Luka Chkheidze
Nutsa Nozadze,Nutsa N.,E20157,E20157,Employed,Shuffler,,Shufflers,Morning,Set 1,+995 521 60 82 65,nutsa.nozadze156@example.com,2025-03-13,,"English, Georgian",Male,Mariami Beridze
Gela Bakradze,Gela B.,E20133,E20133,Employed,Game Presenter,Premium,Team Two,Night,Set 2,+995 552 46 87 70,gela.bakradze132@example.com,2025-07-24,"Poker, Roulette",English,Female,Luka Chkheidze
Revaz Kobakhidze,Revaz K.,E20150,E20150,Employed,Game Presenter,,Team One,Night,Set 2,+995 526 83 42 47,revaz.kobakhidze149@example.com,2025-02-03,"Game Show, Blackjack","English, Georgian",Female,Mariami Beridze
Archil Gvenetadze,Archil G.,E20175,E20175,Employed,Shuffler,,Shufflers,Afternoon,Set 2,+995 551 49 99 99,archil.gvenetadze174@example.com,2024-02-26,,Georgian,Female,Mariami Beridze
Archil Tsiklauri,Archil T.,E20132,E20132,Employed,Game Presenter,Beginner,Team One,Night,Set 2,+995 588 37 86 84,archil.tsiklauri131@example.com,2024-04-05,"Baccarat, Poker","English, Russian",Male,Mariami Beridze
Archil Lomidze,Archil L.,E20010,E20010,Employed,Game Presenter,,Team One,Morning,Set 1,+995 587 38 63 58,archil.lomidze9@example.com,2025-07-26,"Roulette, Blackjack",English,Female,Mariami Beridze
Revaz Gvenetadze,Revaz G.,E20022,E20022,Employed,Game Presenter,Beginner,Team One,Morning,Set 1,+995 579 71 78 59,revaz.gvenetadze21@example.com,2024-04-22,"Blackjack, Roulette","English, Russian",Male,Mariami Beridze
Mzia Nozadze,Mzia N.,E20156,E20156,Employed,Shuffler,,Shufflers,Morning,Set 1,+995 514 02 73 53,mzia.nozadze155@example.com,2026-06-02,,"English, Russian",Female,Mariami Beridze
Sopo Kvaratskhelia,Sopo K.,E20149,E20149,Employed,Game Presenter,,Team Three,Night,Set 2,+995 598 15 44 91,sopo.kvaratskhelia148@example.com,2025-01-10,"Poker, Baccarat","English, Russian",Female,Luka Chkheidze
Giorgi Bakradze,Giorgi B.,E20065,E20065,Employed,Game Presenter,,Team Three,Afternoon,Set 1,+995 561 72 10 33,giorgi.bakradze64@example.com,2024-08-01,"Roulette, Poker","English, Georgian",Female,Luka Chkheidze
Gela Abashidze,Gela A.,E20054,E20054,Employed,Game Presenter,Beginner,Team One,Afternoon,Set 1,+995 560 09 52 59,gela.abashidze53@example.com,2025-06-17,"Roulette, Blackjack","English, Russian",Male,Mariami Beridze
Sandro Kvaratskhelia,Sandro K.,E20102,E20102,Employed,Game Presenter,Premium,Team Two,Night,Set 1,+995 594 31 40 86,sandro.kvaratskhelia101@example.com,2025-08-03,"Poker, Roulette","English, Georgian",Male,Luka Chkheidze
Maka Meskhi,Maka M.,E20035,E20035,Employed,Game Presenter,,Team One,Morning,Set 2,+995 553 58 98 03,maka.meskhi34@example.com,2024-07-01,"Blackjack, Roulette",English,Male,Mariami Beridze
Irakli Kobakhidze,Irakli K.,E20018,E20018,Employed,Game Presenter,VIP,Team Three,Morning,Set 1,+995 544 09 50 41,irakli.kobakhidze17@example.com,2024-02-01,"Poker, Baccarat","English, Russian",Male,Luka Chkheidze
Tornike Maisuradze,Tornike M.,E20002,E20002,Employed,Game Presenter,,Team Two,Morning,Set 1,+995 531 98 23 75,tornike.maisuradze1@example.com,2026-01-01,"Baccarat, Roulette","English, Russian",Male,Luka Chkheidze
Levan Kapanadze,Levan K.,E20166,E20166,Employed,Shuffler,,Shufflers,Morning,Set 2,+995 514 32 13 59,levan.kapanadze165@example.com,2025-08-12,,"English, Russian",Male,Mariami Beridze
Luka Kvaratskhelia,Luka K.,E20124,E20124,Employed,Game Presenter,,Team Three,Night,Set 1,+995 539 88 80 04,luka.kvaratskhelia123@example.com,2026-06-25,"Baccarat, Game Show",English,Female,Luka Chkheidze
Ana Bakradze,Ana B.,E20089,E20089,Employed,Game Presenter,,Team Two,Afternoon,Set 2,+995 566 04 99 75,ana.bakradze88@example.com,2026-07-13,"Poker, Blackjack",English,Female,Luka Chkheidze
Ketevan Beridze,Ketevan B.,E20041,E20041,Employed,Game Presenter,Beginner,Team One,Morning,Set 2,+995 595 12 89 12,ketevan.beridze40@example.com,2024-08-17,"Baccarat, Blackjack",English,Male,Mariami Beridze
Sandro Beridze,Sandro B.,E20038,E20038,Employed,Game Presenter,Beginner,Team One,Morning,Set 2,+995 552 20 90 11,sandro.beridze37@example.com,2025-07-07,"Blackjack, Game Show",English,Female,Mariami Beridze
Nino Gabunia,Nino G.,E20199,E20199,Employed,Shuffler,,Shufflers,Morning,Set 1,+995 595 48 53 93,nino.gabunia198@example.com,2026-06-19,,English,Female,Mariami Beridze
Maka Dolidze,Maka D.,E20071,E20071,Employed,Game Presenter,,Team Three,Afternoon,Set 1,+995 513 62 55 45,maka.dolidze70@example.com,2024-05-06,"Blackjack, Roulette","English, Georgian",Female,Luka Chkheidze
Tinatin Khutsishvili,Tinatin K.,E20005,E20005,Employed,Game Presenter,VIP,Team Two,Morning,Set 1,+995 599 18 50 55,tinatin.khutsishvili4@example.com,2024-09-25,"Roulette, Blackjack",English,Female,Luka Chkheidze
Gela Gogoladze,Gela G.,E20103,E20103,Employed,Game Presenter,,Team Three,Night,Set 1,+995 564 51 69 37,gela.gogoladze102@example.com,2024-09-23,"Blackjack, Roulette",Georgian,Female,Luka Chkheidze
Temur Chikovani,Temur C.,E20148,E20148,Employed,Game Presenter,,Team Two,Night,Set 2,+995 553 21 57 67,temur.chikovani147@example.com,2026-07-14,"Baccarat, Game Show","English, Georgian",Male,Luka Chkheidze
Lali Meskhi,Lali M.,E20142,E20142,Employed,Game Presenter,,Team Two,Night,Set 2,+995 577 54 56 93,lali.meskhi141@example.com,2026-05-21,"Game Show, Poker",English,Male,Luka Chkheidze
Tinatin Meskhi,Tinatin M.,E20057,E20057,Employed,Game Presenter,,Team One,Afternoon,Set 1,+995 538 75 29 79,tinatin.meskhi56@example.com,2025-05-23,"Blackjack, Roulette",Georgian,Male,Mariami Beridze
Vakhtang Gogoladze,Vakhtang G.,E20047,E20047,Employed,Game Presenter,Premium,Team One,Morning,Set 2,+995 560 98 38 75,vakhtang.gogoladze46@example.com,2024-07-02,"Poker, Roulette",English,Male,Mariami Beridze
Giorgi Tabatadze,Giorgi T.,E20187,E20187,Employed,Shuffler,,Shufflers,Night,Set 1,+995 585 02 42 61,giorgi.tabatadze186@example.com,2025-07-07,,"English, Georgian",Female,Mariami Beridze
Vakhtang Chkheidze,Vakhtang C.,E20171,E20171,Employed,Shuffler,,Shufflers,Afternoon,Set 1,+995 593 41 97 09,vakhtang.chkheidze170@example.com,2025-02-04,,Georgian,Female,Mariami Beridze
Keti Tabatadze,Keti T.,E20144,E20144,Employed,Game Presenter,Beginner,Team One,Night,Set 2,+995 540 27 55 69,keti.tabatadze143@example.com,2025-09-09,"Game Show, Baccarat",Georgian,Female,Mariami Beridze
Zura Abashidze,Zura A.,E20172,E20172,Employed,Shuffler,,Shufflers,Afternoon,Set 1,+995 561 68 88 92,zura.abashidze171@example.com,2025-06-06,,"English, Russian",Male,Mariami Beridze
Mariam Gvenetadze,Mariam G.,E20095,E20095,Employed,Game Presenter,,Team Two,Afternoon,Set 2,+995 532 82 68 96,mariam.gvenetadze94@example.com,2026-01-17,"Blackjack, Game Show",English,Female,Luka Chkheidze
Nana Maisuradze,Nana M.,E20184,E20184,Employed,Shuffler,,Shufflers,Night,Set 1,+995 570 41 72 36,nana.maisuradze183@example.com,2026-03-13,,Georgian,Female,Mariami Beridze
Mariam Gelashvili,Mariam G.,E20143,E20143,Employed,Game Presenter,Premium,Team Three,Night,Set 2,+995 549 46 02 23,mariam.gelashvili142@example.com,2025-01-25,"Baccarat, Roulette",English,Female,Luka Chkheidze
Maka Maisuradze,Maka M.,E20154,E20154,Employed,Shuffler,,Shufflers,Morning,Set 1,+995 563 53 69 55,maka.maisuradze153@example.com,2026-08-13,,English,Female,Mariami Beridze
Irakli Tabatadze,Irakli T.,E20097,E20097,Employed,Game Presenter,,Team One,Afternoon,Set 2,+995 558 75 34 82,irakli.tabatadze96@example.com,2026-06-01,"Baccarat, Poker","English, Russian",Female,Mariami Beridze
Mzia Gelashvili,Mzia G.,E20061,E20061,Employed,Game Presenter,,Team Two,Afternoon,Set 1,+995 552 74 47 19,mzia.gelashvili60@example.com,2026-06-12,"Baccarat, Roulette",Georgian,Female,Luka Chkheidze
Eka Nozadze,Eka N.,E20130,E20130,Employed,Game Presenter,Premium,Team Two,Night,Set 2,+995 547 95 47 02,eka.nozadze129@example.com,2025-01-15,"Game Show, Blackjack","English, Russian",Female,Luka Chkheidze
Ana Abashidze,Ana A.,E20044,E20044,Employed,Game Presenter,,Team One,Morning,Set 2,+995 551 80 63 94,ana.abashidze43@example.com,2026-01-17,"Poker, Game Show","English, Georgian",Female,Mariami Beridze
Mariam Meskhi,Mariam M.,E20014,E20014,Employed,Game Presenter,Premium,Team Two,Morning,Set 1,+995 591 47 98 27,mariam.meskhi13@example.com,2024-06-14,"Blackjack, Game Show","English, Russian",Male,Luka Chkheidze
Giorgi Iashvili,Giorgi I.,E20189,E20189,Employed,Shuffler,,Shufflers,Night,Set 1,+995 545 92 66 17,giorgi.iashvili188@example.com,2026-02-15,,Georgian,Male,Mariami Beridze
Salome Bakradze,Salome B.,E20101,E20101,Employed,Game Presenter,Beginner,Team One,Night,Set 1,+995 596 46 64 45,salome.bakradze100@example.com,2026-06-16,"Poker, Blackjack","English, Russian",Male,Mariami Beridze
Revaz Kapanadze,Revaz K.,E20129,E20129,Employed,Game Presenter,,Team One,Night,Set 2,+995 569 05 02 36,revaz.kapanadze128@example.com,2026-07-15,"Baccarat, Roulette",English,Female,Mariami Beridze
Otar Gogoladze,Otar G.,E20123,E20123,Employed,Game Presenter,,Team Two,Night,Set 1,+995 596 94 30 41,otar.gogoladze122@example.com,2025-04-15,"Blackjack, Baccarat",Georgian,Female,Luka Chkheidze
Dali Kobakhidze,Dali K.,E20126,E20126,Employed,Game Presenter,,Team One,Night,Set 2,+995 523 62 00 37,dali.kobakhidze125@example.com,2025-07-06,"Baccarat, Game Show","English, Russian",Male,Mariami Beridze
Luka Sulaberidze,Luka S.,E20136,E20136,Employed,Game Presenter,Premium,Team Two,Night,Set 2,+995 556 29 21 59,luka.sulaberidze135@example.com,2025-08-26,"Poker, Baccarat","English, Georgian",Male,Luka Chkheidze
Gocha Kvaratskhelia,Gocha K.,E20127,E20127,Employed,Game Presenter,Premium,Team Two,Night,Set 2,+995 511 72 64 83,gocha.kvaratskhelia126@example.com,2024-04-19,"Blackjack, Baccarat",English,Male,Luka Chkheidze
Natia Gogoladze,Natia G.,E20119,E20119,Employed,Game Presenter,,Team One,Night,Set 1,+995 577 98 68 43,natia.gogoladze118@example.com,2024-03-17,"Game Show, Roulette","English, Georgian",Female,Mariami Beridze
Shota Abashidze,Shota A.,E20052,E20052,Employed,Game Presenter,Beginner,Team Two,Afternoon,Set 1,+995 512 44 22 95,shota.abashidze51@example.com,2026-07-09,"Baccarat, Roulette","English, Georgian",Male,Luka Chkheidze
Sopo Kapanadze,Sopo K.,E20001,E20001,Employed,Game Presenter,Premium,Team One,Morning,Set 1,+995 583 46 36 92,sopo.kapanadze0@example.com,2024-01-19,"Poker, Blackjack","English, Russian",Female,Mariami Beridze
Ketevan Jorjadze,Ketevan J.,E20023,E20023,Employed,Game Presenter,Premium,Team Two,Morning,Set 1,+995 583 10 11 29,ketevan.jorjadze22@example.com,2026-09-01,"Blackjack, Game Show","English, Russian",Male,Luka Chkheidze
Revaz Tsiklauri,Revaz T.,E20086,E20086,Employed,Game Presenter,,Team Two,Afternoon,Set 2,+995 532 98 76 76,revaz.tsiklauri85@example.com,2025-02-18,"Baccarat, Game Show",Georgian,Male,Luka Chkheidze
Keti Dolidze,Keti D.,E20185,E20185,Employed,Shuffler,,Shufflers,Night,Set 1,+995 597 81 34 60,keti.dolidze184@example.com,2026-01-11,,Georgian,Male,Mariami Beridze
Mzia Iashvili,Mzia I.,E20050,E20050,Employed,Game Presenter,VIP,Team One,Morning,Set 2,+995 596 05 11 64,mzia.iashvili49@example.com,2024-06-24,"Blackjack, Baccarat","English, Georgian",Male,Mariami Beridze
Diana Maisuradze,Diana M.,E20152,E20152,Employed,Shuffler,,Shufflers,Morning,Set 1,+995 568 97 51 49,diana.maisuradze151@example.com,2026-06-28,,"English, Russian",Female,Mariami Beridze
Eka Kobakhidze,Eka K.,E20079,E20079,Employed,Game Presenter,Beginner,Team One,Afternoon,Set 2,+995 540 89 69 35,eka.kobakhidze78@example.com,2025-08-13,"Game Show, Blackjack",Georgian,Female,Mariami Beridze
Beka Gabunia,Beka G.,E20122,E20122,Employed,Game Presenter,,Team One,Night,Set 1,+995 577 74 15 18,beka.gabunia121@example.com,2026-09-12,"Roulette, Blackjack",Georgian,Male,Mariami Beridze
Nika Kvaratskhelia,Nika K.,E20042,E20042,Employed,Game Presenter,Beginner,Team Two,Morning,Set 2,+995 585 82 12 97,nika.kvaratskhelia41@example.com,2025-03-26,"Roulette, Blackjack","English, Russian",Female,Luka Chkheidze
Eka Khutsishvili,Eka K.,E20193,E20193,Employed,Shuffler,,Shufflers,Night,Set 2,+995 577 75 49 83,eka.khutsishvili192@example.com,2024-07-22,,Georgian,Male,Mariami Beridze
Mariam Dolidze,Mariam D.,E20087,E20087,Employed,Game Presenter,VIP,Team Three,Afternoon,Set 2,+995 567 98 73 22,mariam.dolidze86@example.com,2025-09-11,"Poker, Game Show","English, Russian",Male,Luka Chkheidze
Tamar Kapanadze,Tamar K.,E20043,E20043,Employed,Game Presenter,,Team Three,Morning,Set 2,+995 533 44 41 46,tamar.kapanadze42@example.com,2026-02-07,"Game Show, Baccarat",Georgian,Female,Luka Chkheidze
Sandro Chkheidze,Sandro C.,E20007,E20007,Employed,Game Presenter,Premium,Team One,Morning,Set 1,+995 589 50 94 73,sandro.chkheidze6@example.com,2024-02-08,"Game Show, Poker",English,Female,Mariami Beridze
Natia Maisuradze,Natia M.,E20030,E20030,Employed,Game Presenter,VIP,Team Two,Morning,Set 2,+995 581 41 71 79,natia.maisuradze29@example.com,2026-07-26,"Poker, Roulette","English, Georgian",Male,Luka Chkheidze
Zura Gelashvili,Zura G.,E20024,E20024,Employed,Game Presenter,,Team Three,Morning,Set 1,+995 583 63 78 06,zura.gelashvili23@example.com,2026-08-14,"Roulette, Baccarat",Georgian,Male,Luka Chkheidze
Levan Tabatadze,Levan T.,E20090,E20090,Employed,Game Presenter,,Team Three,Afternoon,Set 2,+995 575 53 82 20,levan.tabatadze89@example.com,2026-06-28,"Baccarat, Game Show","English, Georgian",Female,Luka Chkheidze
Salome Khutsishvili,Salome K.,E20063,E20063,Employed,Game Presenter,,Team One,Afternoon,Set 1,+995 513 86 08 87,salome.khutsishvili62@example.com,2024-04-27,"Blackjack, Poker",English,Female,Mariami Beridze
Ketevan Khutsishvili,Ketevan K.,E20078,E20078,Employed,Game Presenter,,Team Three,Afternoon,Set 2,+995 547 13 05 95,ketevan.khutsishvili77@example.com,2026-02-22,"Poker, Baccarat","English, Georgian",Male,Luka Chkheidze
Salome Iashvili,Salome I.,E20198,E20198,Employed,Shuffler,,Shufflers,Night,Set 2,+995 534 66 80 67,salome.iashvili197@example.com,2025-09-23,,Georgian,Male,Mariami Beridze
Nutsa Gabunia,Nutsa G.,E20037,E20037,Employed,Game Presenter,,Team Three,Morning,Set 2,+995 555 72 64 14,nutsa.gabunia36@example.com,2024-07-18,"Poker, Baccarat",English,Female,Luka Chkheidze
Davit Abashidze,Davit A.,E20059,E20059,Employed,Game Presenter,,Team Three,Afternoon,Set 1,+995 596 23 48 85,davit.abashidze58@example.com,2025-09-27,"Blackjack, Baccarat",Georgian,Male,Luka Chkheidze
Levan Gvenetadze,Levan G.,E20179,E20179,Employed,Shuffler,,Shufflers,Afternoon,Set 2,+995 593 33 82 10,levan.gvenetadze178@example.com,2025-06-04,,"English, Georgian",Female,Mariami Beridze
Nana Jorjadze,Nana J.,E20084,E20084,Employed,Game Presenter,Premium,Team Three,Afternoon,Set 2,+995 523 50 24 83,nana.jorjadze83@example.com,2025-01-13,"Game Show, Roulette",Georgian,Male,Luka Chkheidze
Temur Bakradze,Temur B.,E20196,E20196,Employed,Shuffler,,Shufflers,Night,Set 2,+995 573 96 33 15,temur.bakradze195@example.com,2026-05-20,,English,Female,Mariami Beridze
Diana Sulaberidze,Diana S.,E20100,E20100,Employed,Game Presenter,,Team One,Afternoon,Set 2,+995 563 00 74 48,diana.sulaberidze99@example.com,2026-01-23,"Poker, Game Show","English, Russian",Female,Mariami Beridze
Archil Mamaladze,Archil M.,E20004,E20004,Employed,Game Presenter,,Team One,Morning,Set 1,+995 567 76 49 42,archil.mamaladze3@example.com,2026-08-24,"Game Show, Blackjack","English, Georgian",Male,Mariami Beridze
Sopo Beridze,Sopo B.,E20062,E20062,Employed,Game Presenter,,Team Three,Afternoon,Set 1,+995 512 65 18 84,sopo.beridze61@example.com,2024-08-17,"Game Show, Baccarat",English,Male,Luka Chkheidze
Mariam Bakradze,Mariam B.,E20140,E20140,Employed,Game Presenter,,Team Three,Night,Set 2,+995 597 39 20 74,mariam.bakradze139@example.com,2024-02-23,"Roulette, Blackjack","English, Georgian",Male,Luka Chkheidze
Mzia Maisuradze,Mzia M.,E20121,E20121,Employed,Game Presenter,,Team Three,Night,Set 1,+995 574 32 95 71,mzia.maisuradze120@example.com,2024-02-18,"Game Show, Baccarat",Georgian,Male,Luka Chkheidze
Shota Nozadze,Shota N.,E20064,E20064,Employed,Game Presenter,Beginner,Team Two,Afternoon,Set 1,+995 539 27 25 15,shota.nozadze63@example.com,2025-07-07,"Baccarat, Blackjack","English, Russian",Male,Luka Chkheidze
Tornike Beridze,Tornike B.,E20115,E20115,Employed,Game Presenter,,Team Three,Night,Set 1,+995 562 83 38 50,tornike.beridze114@example.com,2026-03-23,"Blackjack, Roulette","English, Russian",Male,Luka Chkheidze
Elene Kobakhidze,Elene K.,E20045,E20045,Employed,Game Presenter,VIP,Team Two,Morning,Set 2,+995 575 81 76 99,elene.kobakhidze44@example.com,2025-01-20,"Blackjack, Game Show",English,Female,Luka Chkheidze
Tinatin Bakradze,Tinatin B.,E20093,E20093,Employed,Game Presenter,Premium,Team Three,Afternoon,Set 2,+995 573 37 05 41,tinatin.bakradze92@example.com,2024-06-23,"Blackjack, Baccarat",Georgian,Female,Luka Chkheidze
Otar Iashvili,Otar I.,E20116,E20116,Employed,Game Presenter,,Team One,Night,Set 1,+995 572 39 51 27,otar.iashvili115@example.com,2025-08-19,"Game Show, Blackjack",Georgian,Female,Mariami Beridze
Otar Tsiklauri,Otar T.,E20069,E20069,Employed,Game Presenter,,Team One,Afternoon,Set 1,+995 510 70 50 40,otar.tsiklauri68@example.com,2026-05-22,"Game Show, Poker","English, Russian",Female,Mariami Beridze
Temur Gogoladze,Temur G.,E20159,E20159,Employed,Shuffler,,Shufflers,Morning,Set 2,+995 529 43 32 29,temur.gogoladze158@example.com,2025-05-26,,"English, Russian",Female,Mariami Beridze
Luka Mamaladze,Luka M.,E20160,E20160,Employed,Shuffler,,Shufflers,Morning,Set 2,+995 547 13 83 87,luka.mamaladze159@example.com,2024-05-20,,Georgian,Male,Mariami Beridze
Nana Lomidze,Nana L.,E20188,E20188,Employed,Shuffler,,Shufflers,Night,Set 1,+995 588 15 73 71,nana.lomidze187@example.com,2026-08-11,,Georgian,Male,Mariami Beridze
Shota Kvaratskhelia,Shota K.,E20147,E20147,Employed,Game Presenter,VIP,Team One,Night,Set 2,+995 561 53 34 11,shota.kvaratskhelia146@example.com,2026-04-01,"Game Show, Poker",English,Female,Mariami Beridze
Tamar Gvenetadze,Tamar G.,E20190,E20190,Employed,Shuffler,,Shufflers,Night,Set 1,+995 541 47 59 76,tamar.gvenetadze189@example.com,2025-04-23,,"English, Georgian",Female,Mariami Beridze
Archil Kapanadze,Archil K.,E20003,E20003,Employed,Game Presenter,,Team Three,Morning,Set 1,+995 597 95 22 37,archil.kapanadze2@example.com,2024-08-04,"Roulette, Game Show",Georgian,Male,Luka Chkheidze
Levan Sulaberidze,Levan S.,E20012,E20012,Employed,Game Presenter,,Team Three,Morning,Set 1,+995 563 38 09 89,levan.sulaberidze11@example.com,2024-03-04,"Game Show, Baccarat",Georgian,Male,Luka Chkheidze
Elene Gelashvili,Elene G.,E20036,E20036,Employed,Game Presenter,,Team Two,Morning,Set 2,+995 524 93 07 22,elene.gelashvili35@example.com,2026-01-04,"Poker, Blackjack",Georgian,Male,Luka Chkheidze
Maka Beridze,Maka B.,E20027,E20027,Employed,Game Presenter,,Team Two,Morning,Set 2,+995 590 89 55 81,maka.beridze26@example.com,2025-07-20,"Baccarat, Game Show","English, Georgian",Female,Luka Chkheidze
Diana Chikovani,Diana C.,E20161,E20161,Employed,Shuffler,,Shufflers,Morning,Set 2,+995 525 44 92 82,diana.chikovani160@example.com,2026-06-18,,"English, Georgian",Male,Mariami Beridze
Otar Jorjadze,Otar J.,E20117,E20117,Employed,Game Presenter,VIP,Team Two,Night,Set 1,+995 544 44 16 42,otar.jorjadze116@example.com,2025-08-22,"Blackjack, Roulette","English, Georgian",Male,Luka Chkheidze
Eka Chkheidze,Eka C.,E20017,E20017,Employed,Game Presenter,,Team Two,Morning,Set 1,+995 596 75 39 03,eka.chkheidze16@example.com,2024-01-28,"Roulette, Poker","English, Georgian",Male,Luka Chkheidze
Revaz Javakhishvili,Revaz J.,E20049,E20049,Employed,Game Presenter,,Team Three,Morning,Set 2,+995 556 79 06 86,revaz.javakhishvili48@example.com,2024-05-06,"Baccarat, Game Show","English, Georgian",Female,Luka Chkheidze
Nutsa Gelashvili,Nutsa G.,E20194,E20194,Employed,Shuffler,,Shufflers,Night,Set 2,+995 578 81 17 45,nutsa.gelashvili193@example.com,2026-02-09,,Georgian,Female,Mariami Beridze
Mariam Gogoladze,Mariam G.,E20081,E20081,Employed,Game Presenter,Premium,Team Three,Afternoon,Set 2,+995 599 73 65 98,mariam.gogoladze80@example.com,2024-07-12,"Roulette, Poker",English,Male,Luka Chkheidze
Archil Chkheidze,Archil C.,E20029,E20029,Employed,Game Presenter,,Team One,Morning,Set 2,+995 556 52 45 53,archil.chkheidze28@example.com,2025-07-06,"Game Show, Poker","English, Russian",Female,Mariami Beridze
Gocha Gabunia,Gocha G.,E20137,E20137,Employed,Game Presenter,Premium,Team Three,Night,Set 2,+995 541 22 10 17,gocha.gabunia136@example.com,2026-01-15,"Baccarat, Game Show","English, Georgian",Female,Luka Chkheidze
Temur Khutsishvili,Temur K.,E20155,E20155,Employed,Shuffler,,Shufflers,Morning,Set 1,+995 566 41 49 14,temur.khutsishvili154@example.com,2024-08-20,,Georgian,Female,Mariami Beridze
Natia Kapanadze,Natia K.,E20070,E20070,Employed,Game Presenter,VIP,Team Two,Afternoon,Set 1,+995 599 74 74 16,natia.kapanadze69@example.com,2024-07-09,"Baccarat, Poker","English, Russian",Female,Luka Chkheidze
Zura Jorjadze,Zura J.,E20108,E20108,Employed,Game Presenter,Premium,Team Two,Night,Set 1,+995 546 62 59 65,zura.jorjadze107@example.com,2025-01-01,"Game Show, Baccarat","English, Georgian",Female,Luka Chkheidze
Nana Iashvili,Nana I.,E20176,E20176,Employed,Shuffler,,Shufflers,Afternoon,Set 2,+995 537 91 14 11,nana.iashvili175@example.com,2025-03-09,,"English, Georgian",Female,Mariami Beridze
Keti Kobakhidze,Keti K.,E20096,E20096,Employed,Game Presenter,Beginner,Team Three,Afternoon,Set 2,+995 524 66 94 26,keti.kobakhidze95@example.com,2024-02-20,"Poker, Blackjack","English, Russian",Female,Luka Chkheidze
Nino Jorjadze,Nino J.,E20066,E20066,Employed,Game Presenter,Beginner,Team One,Afternoon,Set 1,+995 510 95 73 54,nino.jorjadze65@example.com,2024-08-16,"Blackjack, Baccarat","English, Russian",Female,Mariami Beridze
Natia Iashvili,Natia I.,E20125,E20125,Employed,Game Presenter,,Team One,Night,Set 1,+995 587 43 25 17,natia.iashvili124@example.com,2026-01-15,"Game Show, Blackjack","English, Russian",Male,Mariami Beridze
Mariam Javakhishvili,Mariam J.,E20186,E20186,Employed,Shuffler,,Shufflers,Night,Set 1,+995 530 55 23 72,mariam.javakhishvili185@example.com,2025-06-10,,"English, Georgian",Male,Mariami Beridze
Nana Gvenetadze,Nana G.,E20075,E20075,Employed,Game Presenter,,Team One,Afternoon,Set 1,+995 565 69 05 07,nana.gvenetadze74@example.com,2024-08-14,"Roulette, Blackjack","English, Georgian",Male,Mariami Beridze
Ketevan Gelashvili,Ketevan G.,E20077,E20077,Employed,Game Presenter,,Team Two,Afternoon,Set 2,+995 571 94 31 99,ketevan.gelashvili76@example.com,2025-02-03,"Baccarat, Poker",Georgian,Male,Luka Chkheidze
Nino Kvaratskhelia,Nino K.,E20131,E20131,Employed,Game Presenter,,Team Three,Night,Set 2,+995 549 15 10 36,nino.kvaratskhelia130@example.com,2024-09-13,"Baccarat, Poker",Georgian,Male,Luka Chkheidze
Natia Jorjadze,Natia J.,E20112,E20112,Employed,Game Presenter,,Team Three,Night,Set 1,+995 556 04 13 60,natia.jorjadze111@example.com,2024-08-02,"Poker, Game Show",Georgian,Male,Luka Chkheidze
Keti Mamaladze,Keti M.,E20020,E20020,Employed,Game Presenter,,Team Two,Morning,Set 1,+995 569 28 91 71,keti.mamaladze19@example.com,2024-01-15,"Poker, Game Show",Georgian,Male,Luka Chkheidze
Temur Beridze,Temur B.,E20011,E20011,Employed,Game Presenter,Beginner,Team Two,Morning,Set 1,+995 524 10 25 89,temur.beridze10@example.com,2026-08-10,"Roulette, Game Show","English, Georgian",Male,Luka Chkheidze
Giorgi Jorjadze,Giorgi J.,E20067,E20067,Employed,Game Presenter,Premium,Team Two,Afternoon,Set 1,+995 567 79 73 46,giorgi.jorjadze66@example.com,2026-02-12,"Poker, Game Show","English, Georgian",Female,Luka Chkheidze
Mzia Dolidze,Mzia D.,E20182,E20182,Employed,Shuffler,,Shufflers,Afternoon,Set 2,+995 525 13 81 39,mzia.dolidze181@example.com,2026-09-06,,English,Female,Mariami Beridze
Elene Chikovani,Elene C.,E20025,E20025,Employed,Game Presenter,,Team One,Morning,Set 1,+995 592 10 62 14,elene.chikovani24@example.com,2024-08-19,"Blackjack, Baccarat",Georgian,Male,Mariami Beridze
Sopo Dolidze,Sopo D.,E20180,E20180,Employed,Shuffler,,Shufflers,Afternoon,Set 2,+995 520 67 85 62,sopo.dolidze179@example.com,2025-08-07,,"English, Russian",Male,Mariami Beridze
Beka Meskhi,Beka M.,E20109,E20109,Employed,Game Presenter,,Team Three,Night,Set 1,+995 591 88 76 12,beka.meskhi108@example.com,2024-04-17,"Baccarat, Roulette",Georgian,Female,Luka Chkheidze
Archil Tabatadze,Archil T.,E20145,E20145,Employed,Game Presenter,,Team Two,Night,Set 2,+995 536 74 19 90,archil.tabatadze144@example.com,2025-04-25,"Roulette, Poker","English, Russian",Female,Luka Chkheidze
Zura Tabatadze,Zura T.,E20072,E20072,Employed,Game Presenter,Premium,Team One,Afternoon,Set 1,+995 541 67 78 40,zura.tabatadze71@example.com,2025-02-07,"Blackjack, Baccarat",English,Male,Mariami Beridze
Temur Gelashvili,Temur G.,E20164,E20164,Employed,Shuffler,,Shufflers,Morning,Set 2,+995 545 67 36 11,temur.gelashvili163@example.com,2026-01-11,,English,Male,Mariami Beridze
Sopo Kobakhidze,Sopo K.,E20110,E20110,Employed,Game Presenter,,Team One,Night,Set 1,+995 565 03 56 36,sopo.kobakhidze109@example.com,2025-04-05,"Roulette, Poker",Georgian,Female,Mariami Beridze
Maka Gelashvili,Maka G.,E20040,E20040,Employed,Game Presenter,VIP,Team Three,Morning,Set 2,+995 575 85 88 51,maka.gelashvili39@example.com,2026-06-20,"Roulette, Blackjack",Georgian,Male,Luka Chkheidze
Lasha Meskhi,Lasha M.,E20158,E20158,Employed,Shuffler,,Shufflers,Morning,Set 1,+995 543 43 93 39,lasha.meskhi157@example.com,2026-09-03,,Georgian,Male,Mariami Beridze
Beka Maisuradze,Beka M.,E20026,E20026,Employed,Game Presenter,,Team One,Morning,Set 2,+995 526 03 72 72,beka.maisuradze25@example.com,2026-01-24,"Game Show, Blackjack",English,Male,Mariami Beridze
Tinatin Mamaladze,Tinatin M.,E20141,E20141,Employed,Game Presenter,,Team One,Night,Set 2,+995 539 23 36 09,tinatin.mamaladze140@example.com,2026-05-26,"Poker, Blackjack",English,Female,Mariami Beridze
Shota Sulaberidze,Shota S.,E20080,E20080,Employed,Game Presenter,,Team Two,Afternoon,Set 2,+995 514 94 42 16,shota.sulaberidze79@example.com,2025-09-12,"Roulette, Blackjack","English, Georgian",Female,Luka Chkheidze
Sopo Gvenetadze,Sopo G.,E20056,E20056,Employed,Game Presenter,,Team Three,Afternoon,Set 1,+995 583 13 76 21,sopo.gvenetadze55@example.com,2026-02-24,"Poker, Blackjack",Georgian,Male,Luka Chkheidze
